mutation	1985to1995	1990to2000	1995to2005	2000to2010	2005to2016
K189N	---	---	---	3.44	2.65
K158N/N189K	---	---	---	2.17	3.25
K156E	---	3.18	---	---	---
E62K/N121T/S124G/N133D/R142G/I144V/Q156K/K158E/A196V/K276N	---	3.03	---	---	---
S262N	---	2.61	0.0	---	0.04
K135G	1.9	2.17	---	---	---
K62E/V144I/K156Q/E158K/V196A/N276K	---	2.1	---	---	---
K158R	---	---	---	1.91	2.08
S124G/N133D/I144V/Q156K/K276N	---	---	1.94	---	---
N145K	1.88	0.01	0.42	0.5	---
K193N	1.67	---	---	---	---
K140E	---	---	1.65	1.41	---
H155Y/R189K	1.57	---	---	---	---
T135G	---	1.55	---	---	---
K145N	0.47	0.0	1.53	1.18	---
S133D/E156K	---	1.49	---	---	---
S157L	0.47	0.79	---	---	1.4
Y155H/K189R	1.4	---	---	---	---
K135T	---	1.37	---	---	---
S193F/D225N	---	---	---	1.35	---
T212A	---	---	---	1.27	0.62
K82E/E83K/A131T/R299K	1.24	---	---	---	---
N144K	---	---	---	1.24	0.0
K144D	---	---	---	---	1.23
N121T	---	---	1.21	---	---
K62E/N276K	---	---	1.19	---	---
S159Y	1.17	---	---	---	0.83
S133D	1.17	---	---	---	---
S193N	1.16	---	0.56	0.0	---
L226V	---	0.19	1.13	---	---
S189R	---	1.1	---	---	---
G186S	---	---	1.07	---	---
E190D	0.0	1.06	---	---	---
K135E	1.04	1.05	---	---	---
Q156H	---	---	1.04	0.67	---
K144N	---	---	---	---	1.03
T135K	---	0.0	1.01	---	---
Y159F	---	---	1.01	0.9	0.0
I112V/S193F	---	---	---	---	1.01
T212S	---	---	---	---	1.0
K140I	---	---	---	0.74	1.0
K135D	---	0.99	---	---	---
K156E/D190E	0.97	---	---	---	---
F159Y	---	---	0.17	0.34	0.97
I25L/Q75H/T131A/T155H	---	---	0.97	0.27	---
D172G/Q197R/N278S	0.96	---	---	---	---
T214I	0.11	0.91	---	---	---
R189S	0.9	0.7	---	---	---
K156H	---	---	0.9	---	---
L157S/S189R	0.89	---	---	---	---
M242I	---	---	0.87	---	---
R142G	---	---	0.84	0.26	0.3
N188D	---	---	0.83	0.74	---
G124N	---	0.83	---	---	---
N188Y	---	---	---	0.83	---
I214T	0.83	0.2	---	---	0.3
I223V	---	---	---	0.81	0.0
N145S	---	---	---	0.15	0.81
M260I	---	---	---	0.8	0.28
T262N	0.78	0.42	---	---	---
E135G	0.0	0.75	---	---	---
F159S	---	---	---	---	0.75
Y219F	0.74	0.6	---	---	---
N278K	---	---	0.04	0.73	0.18
N8D	---	---	---	---	0.73
G50E	---	---	0.73	0.0	0.0
Y94H	---	---	0.36	0.72	0.0
N124G	---	0.71	---	---	---
L226Q	0.7	0.71	---	---	---
W222R/G225D	---	---	0.71	---	---
V88I	0.0	---	---	0.69	0.0
P47S/N124G/G172D/R197Q/K201R/D216N/Y219S/S278N	---	---	0.67	---	---
K135T/N262S	---	---	0.65	---	---
N122K	0.0	0.08	0.65	---	---
E158D	0.64	0.01	---	---	---
Q145N	---	---	0.64	0.42	---
Y159N	---	---	0.63	---	---
N225D	---	---	---	---	0.63
I186S	0.63	---	---	---	---
G135K	0.59	0.0	---	---	---
V190E/S262T	---	0.58	---	---	---
S47P/G124N/D172G/N216D	---	---	0.57	---	---
D172E	---	---	0.56	---	---
E50K/P162S	---	---	---	---	0.55
K145S	---	---	---	0.55	---
E158K	---	---	0.55	---	---
E83K/V202I/W222R/G225D	---	---	---	0.54	---
T121I	0.54	0.23	---	---	---
N262T	0.52	0.0	---	---	---
E156K	0.51	---	---	---	---
N124S	---	---	---	---	0.51
I25V	---	---	---	0.31	0.5
V186G	---	---	0.0	0.5	---
H183L	---	---	0.49	0.0	---
Y219S	0.18	0.48	---	---	---
V144I	---	---	0.48	---	---
S186I	0.47	---	---	---	---
G142R	---	0.47	0.42	---	0.0
I3L/H233Y	---	0.46	0.27	---	---
K83E	---	---	0.41	0.46	---
T10M	---	---	0.45	---	0.0
D133S	0.45	0.35	---	---	---
G5E	---	---	---	---	0.43
H156Q	---	---	0.31	0.43	---
F193S/N225D	---	---	---	0.42	---
K122N	---	0.0	0.42	---	---
E50G/I140K	---	---	---	0.31	0.41
G275D	---	0.41	0.24	---	---
N159F	---	---	0.41	---	---
Q226I	0.0	0.41	---	---	---
S137Y	---	---	0.39	---	---
P198S	---	---	---	---	0.38
K160T	---	---	---	---	0.37
D124S	---	0.37	---	---	---
D275G	---	0.36	0.02	---	---
E62K	---	---	0.0	0.0	0.35
N189S	---	---	0.35	0.25	---
K83R	---	---	---	---	0.35
I192T	---	---	0.0	0.0	0.35
Y137S	---	0.0	0.34	---	---
P198A	---	---	---	---	0.34
G172D	0.34	0.0	---	---	---
Q57R	---	0.16	0.34	---	---
G135E	0.33	0.0	---	---	---
D133N	---	0.33	---	---	---
D144K	---	---	---	---	0.33
N126D	---	---	0.31	0.24	---
S54R	---	---	---	---	0.3
A198S	---	---	---	---	0.3
T276N	0.29	0.0	---	---	---
R57Q	---	0.29	0.0	---	---
K264R	---	---	---	---	0.29
K62E/K144N	---	---	---	0.28	---
D53N	---	---	0.0	0.0	0.28
Q226V	---	0.28	---	---	---
D124N	---	0.28	---	---	---
K173E	---	---	0.27	0.0	0.22
Q311H	---	---	---	---	0.27
Q261R	---	---	---	0.27	0.0
S186G	---	---	0.26	0.13	---
D158E	0.0	0.26	---	---	---
R269K	---	---	0.26	0.0	---
R326K	---	---	---	---	0.24
Y159S	0.23	---	---	---	0.0
Q145S	---	---	---	0.23	---
I226L	0.23	0.0	---	---	---
D190V	---	0.22	0.11	---	---
N193K	0.21	---	---	---	---
E135K	0.01	0.2	---	---	---
S159F	---	---	---	---	0.2
R229G	0.14	0.2	---	---	---
N6I	---	---	---	0.19	0.0
D144N	---	---	---	---	0.19
S193K	0.18	---	---	---	---
N193S	0.17	---	---	---	---
F219S	0.15	0.0	---	---	---
K27R	---	---	---	---	0.14
E82K/K83E/T131A/K299R	0.13	---	---	---	---
S247C	---	---	0.13	---	---
N145Q	---	---	0.0	0.12	---
V226I	---	0.0	0.0	0.12	---
S199P	---	---	0.06	0.12	0.05
S45N	0.0	0.0	---	0.0	0.12
H75N	0.0	0.12	---	---	---
H75Q/H155T	---	---	0.11	---	---
T30A	---	---	---	---	0.11
D188E	0.1	---	---	---	---
G275V	---	---	---	0.1	0.0
K326T	---	---	0.1	0.08	---
L157S	---	0.0	---	0.0	0.1
E173K	---	---	---	0.09	0.08
V196I	0.09	0.0	---	---	---
I144N	---	---	0.08	---	---
P227S	---	---	0.07	0.08	---
I121T	0.0	0.08	---	---	---
R50K	0.08	0.0	---	---	---
N144D	---	---	0.0	0.0	0.07
K173Q	---	---	---	0.0	0.07
S199A	---	---	---	---	0.07
N122D	---	---	---	---	0.06
T326K	---	---	0.0	0.06	---
R261Q	---	---	---	0.0	0.06
K62E	---	---	---	---	0.06
A138S	---	---	0.0	0.0	0.06
L3I/Y233H	---	0.06	---	---	---
V213A	---	---	---	0.06	0.0
T192I	---	---	0.05	---	---
V226L	---	0.0	0.05	---	---
N31S	---	---	---	---	0.05
K145Q	---	---	0.05	0.0	---
E135D	0.0	0.05	---	---	---
N276T	0.05	0.0	---	---	---
S189N	---	---	0.0	0.04	---
A199S	---	---	---	---	0.03
L3I	---	---	0.0	---	0.01
I226Q	---	0.01	---	---	---
R197Q/S278N	0.0	0.0	---	---	---
T128A	---	---	---	0.0	0.0
A131T	---	---	0.0	0.0	---
T121N	---	0.0	0.0	---	---
A106V	---	---	0.0	0.0	---
A128T	---	---	---	---	0.0
A138T	0.0	---	---	---	---
A196V	---	---	0.0	---	---
A198P	---	---	---	---	0.0
A198T	---	---	---	0.0	---
A212S	---	---	---	---	0.0
A212T	---	---	---	---	0.0
A213V	---	---	---	0.0	0.0
A304P	---	---	0.0	---	---
C247S/S273P	---	---	0.0	0.0	---
D122N	---	---	---	---	0.0
D124G	0.0	0.0	---	---	---
D126N	---	---	0.0	0.0	---
D144N/P304A	---	---	0.0	0.0	---
D172E/T192I	---	0.0	---	---	---
D172G	---	0.0	---	---	---
D188N	---	---	0.0	0.0	---
D188Y	---	---	---	0.0	---
D190E	---	0.0	---	---	---
D225N	---	---	---	---	0.0
D78G	---	---	---	---	0.0
D78G/T198A	---	---	---	0.0	---
D96N	---	0.0	0.0	---	---
E172G	---	---	0.0	---	---
E188D	0.0	---	---	---	---
E280A	---	---	---	---	0.0
E280T	---	---	---	---	0.0
E83K	---	---	0.0	---	---
F193S	---	---	---	---	0.0
F94Y	0.0	---	---	---	---
G124D	0.0	0.0	---	---	---
G124S	---	0.0	---	---	---
G124S/D133N	---	---	0.0	---	---
G135D	0.0	0.0	---	---	---
G135T	---	0.0	---	---	---
G186V	---	---	0.0	0.0	---
G45S	---	---	0.0	---	---
G45S/T92K	---	0.0	---	---	---
G49S/N312K	---	---	0.0	---	---
G50R	---	---	0.0	0.0	---
G5V	---	---	0.0	---	---
G78D	0.0	0.0	---	0.0	0.0
H105Y	---	---	0.0	0.0	---
H94Y	---	---	0.0	0.0	0.0
I112V	---	---	0.0	0.0	---
I121N	---	0.0	---	---	---
I144D	---	---	0.0	---	---
I202V/R222W/D225G	---	---	0.0	0.0	---
I226V	---	0.0	0.0	0.0	---
I230V	---	---	---	0.0	0.0
I242M	---	---	0.0	---	---
I260M	---	---	---	0.0	0.0
I309V	---	---	0.0	0.0	---
I3L	---	---	---	0.0	---
I3L/S144N/H311Q	---	---	---	---	0.0
I48T	---	---	---	---	0.0
I58V	---	---	---	---	0.0
I88V	0.0	---	---	---	---
K140Q/A198T/K326R	---	---	0.0	---	---
K140Q/K326R	---	---	---	0.0	---
K156Q	---	---	0.0	---	---
K158E	---	---	0.0	---	---
K160R	---	---	0.0	---	---
K173N	---	---	---	0.0	---
K193S	0.0	---	---	---	---
K201R	0.0	0.0	---	---	---
K207R	---	---	---	0.0	---
K269R	---	---	0.0	0.0	---
K278N	---	---	---	---	0.0
K2E	---	---	---	---	0.0
K326R	---	---	---	---	0.0
K92T	---	0.0	0.0	---	---
L194I	---	0.0	---	---	---
L226I	---	0.0	0.0	---	---
L25I	---	---	0.0	---	---
L25I/H75Q/H155T	---	---	---	0.0	---
L3F	---	---	---	---	0.0
L59I	---	---	---	---	0.0
N121D	---	---	---	---	0.0
N122S	---	---	---	---	0.0
N124D	---	0.0	---	---	---
N144I/E172D	---	---	0.0	---	---
N144S	---	---	---	---	0.0
N158K	---	---	---	0.0	0.0
N159Y	---	---	0.0	---	---
N171K	---	---	---	---	0.0
N173K	---	---	---	0.0	---
N216S	---	---	---	0.0	---
N262S	---	0.0	---	---	---
N312S	---	---	---	---	0.0
N45S	---	---	---	---	0.0
N53D	---	---	---	---	0.0
N75H	0.0	0.0	---	---	---
P199S	---	---	0.0	0.0	0.0
P219S	0.0	---	---	---	---
P221L	---	---	---	---	0.0
P273S	---	---	0.0	---	---
P289S	---	0.0	---	---	---
P47S/D216N	---	0.0	---	---	---
P47S/N124D/D216N	0.0	---	---	---	---
Q145K	---	---	0.0	0.0	---
Q173K	---	---	---	0.0	0.0
Q197H	---	---	---	---	0.0
Q197R/N278S	---	0.0	0.0	---	---
Q1L	---	---	---	0.0	0.0
Q226L	0.0	0.0	---	---	---
Q33N/A131D/D271N	---	---	0.0	---	---
Q33R	---	---	---	---	0.0
Q57H	---	---	---	---	0.0
Q80K	---	0.0	---	---	---
R142K	---	---	---	0.0	0.0
R160K	---	---	0.0	---	---
R201G	0.0	0.0	---	---	---
R201K	---	0.0	---	---	---
R33Q	---	---	---	---	0.0
R50G	---	---	0.0	0.0	---
S124N	---	---	---	---	0.0
S133N	0.0	0.0	---	---	---
S138A	---	---	0.0	0.0	0.0
S145N	---	---	---	---	0.0
S198A	---	---	---	---	0.0
S198P	---	---	---	---	0.0
S219F	0.0	0.0	---	---	---
S219P	0.0	---	---	---	---
S219Y	0.0	0.0	0.0	0.0	---
S227P	---	---	0.0	0.0	---
S312N	---	---	---	---	0.0
S45G	---	0.0	0.0	---	---
S45I	---	---	0.0	0.0	---
S47P/D124N/N216D	0.0	---	---	---	---
S47P/N216D	---	0.0	---	---	---
T160K	---	---	---	---	0.0
T48I	---	---	---	---	0.0
T92K	---	---	0.0	---	---
V106A	---	---	0.0	0.0	---
V112I	---	---	0.0	0.0	0.0
V144N	---	---	0.0	---	---
V182I	---	---	---	0.0	---
V190D	---	0.0	0.0	---	---
V196A	---	---	0.0	---	---
V202I	---	---	0.0	---	---
V223I	---	---	0.0	0.0	0.0
V230I/A280E	---	---	---	---	0.0
V5G/N33Q/D131A/N271D	---	---	0.0	---	---
V5G/N33Q/T92K/N271D	---	---	---	0.0	---
Y105H	---	---	0.0	0.0	---
Y233H	---	---	0.0	---	---
Y94F	0.0	---	---	---	---
